{"cameraMode":{"drawMode":0,"name":"Shaded","section":"Shading Mode"},"sceneLighting":false,"audioPlay":false,"sceneViewState":{"m_AlwaysRefresh":false,"showFog":true,"showSkybox":false,"showFlares":true,"showImageEffects":true,"showParticleSystems":true,"showVisualEffectGraphs":true,"m_FxEnabled":true},"in2DMode":false,"pivot":{"x":0.02861917018890381,"y":3.1554577350616457,"z":0.0013257861137390137},"rotation":{"x":0.05142739787697792,"y":-0.3030906617641449,"z":0.01638285629451275,"w":0.9514333009719849},"size":5.0503997802734379,"orthographic":true}