{"cameraMode":{"drawMode":0,"name":"Shaded","section":"Shading Mode"},"sceneLighting":false,"audioPlay":false,"sceneViewState":{"m_AlwaysRefresh":false,"showFog":true,"showSkybox":true,"showFlares":true,"showImageEffects":true,"showParticleSystems":true,"showVisualEffectGraphs":true,"m_FxEnabled":true},"in2DMode":false,"pivot":{"x":483.0157165527344,"y":-6.68072509765625,"z":415.91973876953127},"rotation":{"x":0.31538230180740359,"y":-0.027611490339040757,"z":0.009180412627756596,"w":0.9485195279121399},"size":314.9397888183594,"orthographic":false}