{"cameraMode":{"drawMode":0,"name":"Shaded","section":"Shading Mode"},"sceneLighting":false,"audioPlay":false,"sceneViewState":{"m_AlwaysRefresh":false,"showFog":true,"showSkybox":true,"showFlares":true,"showImageEffects":true,"showParticleSystems":true,"showVisualEffectGraphs":true,"m_FxEnabled":true},"in2DMode":false,"pivot":{"x":964.3548583984375,"y":347.2512512207031,"z":151.97842407226563},"rotation":{"x":0.006806586869060993,"y":0.7613783478736877,"z":-0.007994783110916615,"w":0.6482242941856384},"size":345.82427978515627,"orthographic":false}