{"cameraMode":{"drawMode":0,"name":"Shaded","section":"Shading Mode"},"sceneLighting":false,"audioPlay":false,"sceneViewState":{"m_AlwaysRefresh":false,"showFog":true,"showSkybox":true,"showFlares":true,"showImageEffects":true,"showParticleSystems":true,"showVisualEffectGraphs":true,"m_FxEnabled":true},"in2DMode":false,"pivot":{"x":503.2381286621094,"y":104.24728393554688,"z":251.0838623046875},"rotation":{"x":0.21800149977207185,"y":-0.033662740141153339,"z":0.0075226230546832088,"w":0.9753443598747253},"size":220.29293823242188,"orthographic":false}