{"cameraMode":{"drawMode":0,"name":"Shaded","section":"Shading Mode"},"sceneLighting":false,"audioPlay":false,"sceneViewState":{"m_AlwaysRefresh":false,"showFog":true,"showSkybox":true,"showFlares":true,"showImageEffects":true,"showParticleSystems":true,"showVisualEffectGraphs":true,"m_FxEnabled":true},"in2DMode":false,"pivot":{"x":341.96612548828127,"y":13.481216430664063,"z":78.43844604492188},"rotation":{"x":-0.0012781015830114484,"y":0.9898251891136169,"z":-0.14201271533966065,"w":-0.008908676914870739},"size":203.57675170898438,"orthographic":false}