{"cameraMode":{"drawMode":0,"name":"Shaded","section":"Shading Mode"},"sceneLighting":false,"audioPlay":false,"sceneViewState":{"m_AlwaysRefresh":false,"showFog":true,"showSkybox":true,"showFlares":true,"showImageEffects":true,"showParticleSystems":true,"showVisualEffectGraphs":true,"m_FxEnabled":true},"in2DMode":false,"pivot":{"x":238.9464111328125,"y":68.77430725097656,"z":164.2061309814453},"rotation":{"x":0.10181104391813278,"y":-0.39159339666366579,"z":0.043646328151226047,"w":0.9134467244148254},"size":142.77291870117188,"orthographic":true}