{"cameraMode":{"drawMode":0,"name":"Shaded","section":"Shading Mode"},"sceneLighting":true,"audioPlay":false,"sceneViewState":{"m_AlwaysRefresh":false,"showFog":true,"showSkybox":true,"showFlares":true,"showImageEffects":true,"showParticleSystems":true,"showVisualEffectGraphs":true,"m_FxEnabled":true},"in2DMode":false,"pivot":{"x":383.52178955078127,"y":300.64971923828127,"z":123.10894012451172},"rotation":{"x":0.06640192121267319,"y":0.7178555130958557,"z":-0.06912664324045181,"w":0.6895602941513062},"size":218.51345825195313,"orthographic":true}