{"cameraMode":{"drawMode":0,"name":"Shaded","section":"Shading Mode"},"sceneLighting":false,"audioPlay":false,"sceneViewState":{"m_AlwaysRefresh":false,"showFog":true,"showSkybox":true,"showFlares":true,"showImageEffects":true,"showParticleSystems":true,"showVisualEffectGraphs":true,"m_FxEnabled":true},"in2DMode":false,"pivot":{"x":-364.04803466796877,"y":381.0796813964844,"z":368.7576599121094},"rotation":{"x":0.006806586869060993,"y":0.7613783478736877,"z":-0.007994783110916615,"w":0.6482242941856384},"size":3.3941140174865724,"orthographic":false}