{"cameraMode":{"drawMode":0,"name":"Shaded","section":"Shading Mode"},"sceneLighting":true,"audioPlay":false,"sceneViewState":{"m_AlwaysRefresh":false,"showFog":true,"showSkybox":true,"showFlares":true,"showImageEffects":true,"showParticleSystems":true,"showVisualEffectGraphs":true,"m_FxEnabled":true},"in2DMode":false,"pivot":{"x":366.23211669921877,"y":38.484771728515628,"z":422.480712890625},"rotation":{"x":0.08464587479829788,"y":0.48197275400161745,"z":-0.04684968292713165,"w":0.8708289861679077},"size":266.7043762207031,"orthographic":true}