{"cameraMode":{"drawMode":0,"name":"Shaded","section":"Shading Mode"},"sceneLighting":true,"audioPlay":false,"sceneViewState":{"m_AlwaysRefresh":false,"showFog":true,"showSkybox":true,"showFlares":true,"showImageEffects":true,"showParticleSystems":true,"showVisualEffectGraphs":true,"m_FxEnabled":true},"in2DMode":false,"pivot":{"x":524.8345336914063,"y":97.50990295410156,"z":192.87994384765626},"rotation":{"x":-0.05115656927227974,"y":-0.7012484669685364,"z":0.050577081739902499,"w":-0.7092800736427307},"size":137.28343200683595,"orthographic":true}