{"cameraMode":{"drawMode":0,"name":"Shaded","section":"Shading Mode"},"sceneLighting":true,"audioPlay":false,"sceneViewState":{"m_AlwaysRefresh":false,"showFog":true,"showSkybox":true,"showFlares":true,"showImageEffects":true,"showParticleSystems":true,"showVisualEffectGraphs":true,"m_FxEnabled":true},"in2DMode":false,"pivot":{"x":374.02301025390627,"y":81.33473205566406,"z":308.051025390625},"rotation":{"x":0.1196407750248909,"y":0.03424491733312607,"z":-0.004129208158701658,"w":0.9922176003456116},"size":126.29984283447266,"orthographic":true}