{"cameraMode":{"drawMode":0,"name":"Shaded","section":"Shading Mode"},"sceneLighting":false,"audioPlay":false,"sceneViewState":{"m_AlwaysRefresh":false,"showFog":false,"showSkybox":false,"showFlares":false,"showImageEffects":false,"showParticleSystems":false,"showVisualEffectGraphs":true,"m_FxEnabled":true},"in2DMode":false,"pivot":{"x":-0.26706087589263918,"y":4.166736125946045,"z":-0.5136885643005371},"rotation":{"x":-0.023143788799643518,"y":-0.9695672392845154,"z":0.10069674998521805,"w":-0.22221164405345918},"size":5.088074684143066,"orthographic":true}